station_id,mechanical,ebike,docks,is_installed,is_renting,is_returning,last_reported
6245,3,6,18,1,1,1,1791303974
6293,2,0,25,1,1,1,1791304021
6294,4,2,16,1,1,1,1791303842
6295,14,7,1,1,1,1,1791303999
6296,17,0,16,1,1,1,1791304039
6297,0,1,15,1,1,1,1791303991
6298,1,2,20,1,1,1,1791303943
6352,25,1,4,1,1,1,1791304035
6354,26,3,4,1,1,1,1791303986
6385,1,7,13,1,1,1,1791303989
6399,0,1,29,1,1,1,1791304034
6497,0,0,20,1,1,1,1791303616
6512,0,1,14,1,1,1,1791303903
6515,9,1,33,1,1,1,1791304000
7234,17,2,9,1,1,1,1791304010
7247,0,2,21,1,1,1,1791303981
7254,0,0,42,1,1,1,1791303966
7261,0,0,20,1,1,1,1791304004
7295,9,1,4,1,1,1,1791304022
7304,0,0,15,1,1,1,1791303907
7402,4,1,11,1,1,1,1791304040
29327,11,8,1,1,1,1,1791303961
30550,4,1,15,1,1,1,1791304025
30730,0,0,35,1,0,0,1791303752
36003,12,3,6,1,1,1,1791303988
36151,0,0,17,1,1,1,1791304038
36255,3,2,16,1,1,1,1791303972
36298,1,0,15,1,1,1,1791304030
36391,10,2,21,1,1,1,1791304039
36473,1,3,15,1,1,1,1791303905
37420,11,1,5,1,1,1,1791304004
37521,13,0,4,1,1,1,1791303829
37791,26,5,3,1,1,1,1791303954
37995,2,9,35,1,1,1,1791304010
38060,3,3,36,1,1,1,1791304015
38192,6,2,25,1,1,1,1791304023
38280,1,3,13,1,1,1,1791303945
38327,2,1,38,1,1,1,1791304020
38407,3,1,36,1,1,1,1791304035
38522,1,6,15,1,1,1,1791303961
52329,2,0,34,1,1,1,1791303971
52393,0,3,47,1,1,1,1791304020
52453,1,1,23,1,1,1,1791303844
52456,0,12,16,1,1,1,1791303933
52474,0,2,33,1,1,1,1791303782
52518,1,2,19,1,1,1,1791303955
63279,1,1,14,1,1,1,1791303968
63297,2,1,17,1,1,1,1791303665
77773,0,2,26,1,1,1,1791303798
10968855,0,0,19,1,1,1,1791303929
11375742,8,3,14,1,1,1,1791304019
11580442,13,2,1,1,1,1,1791303987
13105968,1,5,14,1,1,1,1791303994
13191324,0,2,30,1,1,1,1791304033
13242682,0,5,25,1,1,1,1791303928
13248144,3,6,25,1,1,1,1791303944
13283986,6,1,26,1,1,1,1791304038
13356269,6,1,24,1,1,1,1791304032
13372702,0,0,30,1,1,1,1791303793
13497763,2,10,29,1,1,1,1791304031
13718041,1,4,18,1,1,1,1791304032
13912564,6,4,14,1,1,1,1791304032
15153595,1,0,32,1,1,1,1791304005
15163771,4,3,21,1,1,1,1791303789
15212034,0,8,13,1,1,1,1791303916
15290700,12,5,2,1,1,1,1791303970
15291968,1,0,14,1,1,1,1791304000
15298647,16,1,19,1,1,1,1791303921
15299574,0,1,46,1,1,1,1791303959
15308712,0,0,22,1,0,0,1791303660
15308782,28,2,2,1,1,1,1791304031
15309045,2,5,8,1,1,1,1791303761
15309674,0,1,18,1,1,1,1791304019
15310509,3,7,19,1,1,1,1791304036
15377776,1,1,21,1,1,1,1791303750
15383032,9,4,45,1,1,1,1791303991
15387809,4,1,56,1,1,1,1791303908
15397468,31,0,15,1,1,1,1791303963
15401095,46,0,0,1,1,1,1791304038
15409531,0,1,14,1,1,1,1791303901
15411223,0,2,21,1,1,1,1791303765
15412563,3,1,17,1,1,1,1791304000
15433394,2,11,28,1,1,1,1791303976
15461933,0,0,16,1,1,1,1791304031
15462236,2,1,27,1,1,1,1791304033
15462861,1,1,29,1,1,1,1791303984
15463487,3,2,22,1,1,1,1791303980
26958435,0,3,22,1,1,1,1791303777
27033125,0,6,8,1,1,1,1791303984
27064639,0,0,21,1,1,1,1791303814
27071684,0,0,33,1,1,1,1791303777
27206194,0,2,17,1,1,1,1791303975
27246227,0,6,18,1,1,1,1791303950
27269170,6,1,13,1,1,1,1791303573
27278603,4,1,20,1,1,1,1791303937
27296946,0,2,25,1,1,1,1791303986
27313492,19,5,2,1,1,1,1791304021
27359295,0,2,27,1,1,1,1791303971
27362896,0,0,23,1,1,1,1791304030
27362949,0,0,31,1,1,1,1791303976
27363029,0,2,28,1,1,1,1791303997
27363058,8,1,12,1,1,1,1791303953
27363103,0,8,25,1,1,1,1791303988
27363137,14,4,4,1,1,1,1791304003
27363156,5,4,13,1,1,1,1791303909
27363162,2,0,21,1,1,1,1791303879
27363205,0,3,32,1,1,1,1791304031
27363206,1,13,20,1,1,1,1791304002
27363256,18,2,5,1,1,1,1791304013
27363277,4,5,28,1,1,1,1791303771
27363323,4,0,29,1,1,1,1791303968
27363337,8,6,16,1,1,1,1791304032
27363362,2,5,10,1,1,1,1791303922
27363389,2,1,25,1,1,1,1791303956
27363397,1,0,17,1,1,1,1791303878
27363489,0,2,42,1,1,1,1791304023
27363504,1,5,24,1,1,1,1791303693
27363558,1,5,22,1,1,1,1791304038
27364642,1,1,24,1,1,1,1791303894
27364743,2,3,16,1,1,1,1791303990
27369223,5,2,9,1,1,1,1791303925
27399547,12,4,5,1,1,1,1791304007
27414358,14,4,2,1,1,1,1791303823
27414512,10,21,9,1,1,1,1791304039
27414527,6,5,9,1,1,1,1791303733
27414544,0,4,15,1,1,1,1791303953
27414578,3,0,14,1,1,1,1791303928
27414601,6,1,33,1,1,1,1791304019
27414713,3,5,12,1,1,1,1791303987
27414841,0,2,30,1,1,1,1791304034
27414902,1,0,17,1,1,1,1791303991
27414924,1,5,16,1,1,1,1791303748
27414932,8,8,31,1,1,1,1791304005
27414937,3,1,49,1,1,1,1791303985
27414945,0,1,14,1,1,1,1791304003
27415004,12,3,32,1,1,1,1791303992
27415012,34,1,29,1,1,1,1791304002
27415083,0,3,47,1,1,1,1791304038
27415128,2,1,17,1,1,1,1791303964
27415150,0,0,21,1,1,1,1791304006
27415169,0,0,23,1,1,1,1791303756
27415179,2,3,17,1,1,1,1791304033
27415194,3,6,45,1,1,1,1791304027
27415215,0,0,25,1,1,1,1791303875
27415224,15,1,12,1,1,1,1791304035
27415246,26,3,12,1,1,1,1791304009
27415256,0,0,46,1,1,1,1791304030
27415285,9,1,13,1,1,1,1791303907
27415297,2,6,43,1,1,1,1791304027
27415302,18,2,5,1,1,1,1791304033
27415327,0,0,26,1,1,1,1791303935
27415333,2,6,47,1,1,1,1791303959
27415360,1,1,14,1,1,1,1791303901
27415371,0,1,33,1,1,1,1791304020
27415389,0,4,25,1,1,1,1791304012
27415411,0,0,23,1,1,1,1791303631
27415444,2,2,26,1,1,1,1791303728
27415466,0,2,19,1,1,1,1791303989
27415469,2,0,22,1,1,1,1791303716
27415500,24,5,10,1,1,1,1791303299
27415512,13,1,21,1,1,1,1791304033
27415547,0,2,23,1,1,1,1791303979
27415665,0,3,39,1,1,1,1791303981
27415736,1,0,28,1,1,1,1791303889
28233012,4,3,22,1,1,1,1791304006
30179848,0,2,25,1,1,1,1791303735
30641281,8,1,12,1,1,1,1791303843
34235349,2,1,23,1,1,1,1791304035
34300292,1,1,22,1,1,1,1791303919
34742973,7,2,17,1,1,1,1791304006
34836174,0,1,31,1,1,1,1791304035
35080917,6,14,10,1,1,1,1791303995
35089539,1,6,12,1,1,1,1791303780
35101194,19,1,10,1,1,1,1791304033
35106544,5,4,43,1,1,1,1791304025
35137730,0,1,49,1,1,1,1791303974
35147530,10,3,10,1,1,1,1791304020
35149611,6,7,12,1,1,1,1791304033
35196898,16,4,6,1,1,1,1791304031
35263507,0,4,19,1,1,1,1791303980
35317080,2,1,16,1,1,1,1791303937
35380305,0,2,31,1,1,1,1791304008
35447568,1,3,19,1,1,1,1791303776
35471668,3,6,20,1,1,1,1791303948
35472299,0,0,12,1,1,1,1791303794
35600927,0,0,35,1,1,1,1791304037
35642049,0,3,11,1,1,1,1791303835
35816213,1,4,28,1,1,1,1791303957
37504995,15,2,13,1,1,1,1791304035
37815204,5,0,24,1,1,1,1791304037
37815993,28,5,2,1,1,1,1791304031
37848502,2,3,19,1,1,1,1791303996
37874517,16,4,0,1,1,1,1791304038
37903195,6,3,18,1,1,1,1791303914
37921892,12,12,1,1,1,1,1791304037
37936869,0,0,33,1,1,1,1791304032
37952191,27,1,3,1,1,1,1791304038
38263504,19,1,5,1,1,1,1791303985
38319086,2,1,34,1,1,1,1791304037
39149651,8,2,39,1,1,1,1791304034
39151458,1,4,14,1,1,1,1791303473
39169029,0,1,22,1,1,1,1791303970
39169877,14,1,28,1,1,1,1791304016
39202840,3,14,3,1,1,1,1791304012
39217683,4,2,22,1,1,1,1791303970
39254792,0,0,51,1,0,0,1791303748
39256416,3,8,35,1,1,1,1791303975
39296638,0,0,49,1,1,1,1791304040
39311270,1,0,32,1,1,1,1791303931
39535340,7,2,16,1,1,1,1791304000
39536951,0,3,30,1,1,1,1791304037
39565873,0,2,24,1,1,1,1791303996
39599631,0,2,21,1,1,1,1791303945
39626277,3,2,10,1,1,1,1791304035
39776330,0,2,15,1,1,1,1791303866
39799329,16,0,17,1,1,1,1791304040
39878420,0,1,18,1,1,1,1791304015
39882420,0,2,18,1,1,1,1791303905
41219552,16,0,7,1,1,1,1791303965
41464928,37,1,22,1,1,1,1791304029
41498023,4,7,13,1,1,1,1791303896
41523981,17,5,22,1,1,1,1791303898
41566122,37,2,13,1,1,1,1791303967
41610121,7,2,17,1,1,1,1791304040
42275164,0,1,34,1,1,1,1791303929
42341698,8,0,49,1,1,1,1791304008
42499285,1,1,42,1,1,1,1791303812
42517412,1,2,21,1,1,1,1791303965
42541542,1,5,26,1,1,1,1791303803
42566291,5,0,30,1,1,1,1791303996
42588096,1,3,24,1,1,1,1791303972
42603855,2,1,14,1,1,1,1791304022
42720305,4,1,32,1,1,1,1791304021
42743053,1,1,34,1,1,1,1791303646
42907187,0,0,25,1,0,0,1791303636
42908639,1,7,19,1,1,1,1791303811
42950428,1,2,46,1,1,1,1791303947
43155320,2,3,40,1,1,1,1791304013
43165673,0,0,53,1,0,0,1791303898
43195240,17,2,6,1,1,1,1791304028
43219958,1,3,34,1,1,1,1791303989
43247025,2,1,17,1,1,1,1791304007
43247738,0,6,45,1,1,1,1791303989
43255030,2,4,39,1,1,1,1791303944
48800374,8,5,1,1,1,1,1791304040
49039283,0,9,9,1,1,1,1791304003
49085250,2,12,1,1,1,1,1791304019
49094984,2,2,52,1,1,1,1791304006
49117995,0,8,9,1,1,1,1791303630
49341735,2,8,31,1,1,1,1791304002
49368561,48,9,0,1,1,1,1791304026
49403716,2,2,37,1,1,1,1791303934
49423507,21,4,53,1,1,1,1791304040
49424560,3,1,31,1,1,1,1791303962
49474389,1,3,33,1,1,1,1791303872
49498164,2,2,23,1,1,1,1791303948
49791363,0,4,25,1,1,1,1791303979
49807107,0,1,15,1,1,1,1791303821
49829553,5,4,20,1,1,1,1791303990
49859500,0,1,15,1,1,1,1791304003
50156117,0,1,21,1,1,1,1791303897
50191171,4,5,14,1,1,1,1791303913
53999465,36,6,25,1,1,1,1791304029
54000465,15,2,11,1,1,1,1791304002
54000466,2,1,25,1,1,1,1791303956
54000536,2,1,32,1,1,1,1791304021
54000537,8,1,8,1,1,1,1791304039
54000538,0,0,32,1,0,0,1791303938
54000539,13,4,19,1,1,1,1791304039
54000541,14,11,1,1,1,1,1791303982
54000542,9,5,14,1,1,1,1791304014
54000543,22,6,3,1,1,1,1791304034
54000544,24,1,13,1,1,1,1791304039
54000545,52,6,6,1,1,1,1791304013
54000546,14,16,1,1,1,1,1791304005
54000547,21,14,1,1,1,1,1791304031
54000548,17,2,9,1,1,1,1791304038
54000549,3,1,10,1,1,1,1791303878
54000550,14,8,9,1,1,1,1791304040
54000551,1,0,45,1,1,1,1791304020
54000552,4,0,26,1,1,1,1791303953
54000553,0,0,0,1,0,0,1791271012
54000554,2,3,27,1,1,1,1791303952
54000555,22,0,26,1,1,1,1791304027
54000559,1,0,38,1,1,1,1791303902
54000560,8,3,8,1,1,1,1791304031
54000561,8,4,16,1,1,1,1791304035
54000562,14,14,0,1,1,1,1791303931
54000564,1,1,24,1,1,1,1791303896
54000565,3,4,17,1,1,1,1791304039
54000567,0,0,34,1,0,0,1791303704
54000568,1,2,44,1,1,1,1791303953
54000569,5,6,26,1,1,1,1791303989
54000570,0,1,35,1,1,1,1791303954
54000571,7,4,42,1,1,1,1791304024
54000572,0,1,20,1,1,1,1791303612
54000573,5,4,37,1,1,1,1791304002
54000577,2,6,17,1,1,1,1791304009
54000578,9,1,23,1,1,1,1791304016
54000581,14,7,12,1,1,1,1791303946
54000582,0,6,20,1,1,1,1791304018
54000583,0,2,33,1,1,1,1791303995
54000586,3,6,22,1,1,1,1791303937
54000587,0,1,29,1,1,1,1791303995
54000588,1,4,61,1,1,1,1791303981
54000589,5,4,57,1,1,1,1791303847
54000591,2,9,25,1,1,1,1791303961
54000592,20,0,16,1,1,1,1791303927
54000593,3,1,36,1,1,1,1791303765
54000595,2,3,47,1,1,1,1791303859
54000596,1,1,32,1,1,1,1791303996
54000597,1,1,20,1,1,1,1791303586
54000598,2,5,17,1,1,1,1791303641
54000599,3,3,18,1,1,1,1791304006
54000600,3,2,27,1,1,1,1791304003
54000601,0,4,17,1,1,1,1791303877
54000604,0,3,30,1,1,1,1791304029
54000605,1,11,27,1,1,1,1791304019
54000607,18,3,0,1,1,1,1791303917
54000608,6,6,43,1,1,1,1791303874
54000609,2,12,20,1,1,1,1791303811
54000610,18,4,43,1,1,1,1791303985
54000611,1,1,24,1,1,1,1791304017
54000612,1,1,39,1,1,1,1791303959
54000615,3,3,42,1,1,1,1791303977
54000616,0,0,32,1,1,1,1791304023
54000618,1,1,30,1,1,1,1791304003
54000619,1,1,29,1,1,1,1791303588
54000621,1,3,37,1,1,1,1791304012
54000622,0,1,27,1,1,1,1791303665
54000623,1,2,21,1,1,1,1791304027
54000624,0,1,19,1,1,1,1791304031
54000625,0,1,32,1,1,1,1791303868
54000626,3,2,16,1,1,1,1791304039
54000627,4,8,11,1,1,1,1791304006
54000628,13,4,35,1,1,1,1791304039
54000629,15,8,10,1,1,1,1791303907
54000630,2,0,22,1,1,1,1791304001
54000631,12,2,9,1,1,1,1791303891
54000632,21,1,10,1,1,1,1791304037
54000634,5,6,12,1,1,1,1791304029
54000635,6,8,17,1,1,1,1791304003
54001024,22,22,6,1,1,1,1791304036
54001189,16,0,23,1,1,1,1791304036
54001190,4,12,10,1,1,1,1791304017
55664548,6,0,26,1,1,1,1791304000
55927887,29,4,2,1,1,1,1791304030
58086242,0,4,20,1,1,1,1791303959
58311330,2,5,30,1,1,1,1791303969
58391194,23,4,1,1,1,1,1791303963
60667075,0,4,18,1,1,1,1791303967
63498079,0,11,12,1,1,1,1791303954
63769334,2,4,33,1,1,1,1791303984
66489651,0,0,32,1,1,1,1791304039
66491366,4,0,31,1,1,1,1791304006
66491367,8,6,1,1,1,1,1791303814
66491368,47,10,12,1,1,1,1791304010
66491369,2,0,46,1,1,1,1791303748
66491370,16,3,6,1,1,1,1791303915
66491371,25,3,4,1,1,1,1791303989
66491372,51,2,21,1,1,1,1791304037
66491373,10,1,7,1,1,1,1791303797
66491378,39,8,1,1,1,1,1791303962
66491379,0,5,7,1,1,1,1791303821
66491381,2,1,29,1,1,1,1791303787
66491382,11,10,14,1,1,1,1791303953
66491384,2,9,23,1,1,1,1791304039
66491385,5,1,17,1,1,1,1791304010
66491386,31,1,22,1,1,1,1791304008
66491388,0,1,31,1,1,1,1791303710
66491389,19,8,29,1,1,1,1791304002
66491390,0,1,53,1,1,1,1791304019
66491391,0,4,28,1,1,1,1791303896
66491392,17,20,3,1,1,1,1791304039
66491393,32,3,10,1,1,1,1791303957
66491394,0,0,43,1,0,0,1791303937
66491395,6,1,33,1,1,1,1791303967
66491396,0,5,43,1,1,1,1791304013
66491397,1,1,55,1,1,1,1791304041
66491398,0,1,46,1,1,1,1791303842
66491401,40,2,11,1,1,1,1791304027
66491402,3,5,29,1,1,1,1791304008
66491404,10,8,0,1,1,1,1791304013
66491405,0,1,25,1,1,1,1791304034
66491406,1,2,44,1,1,1,1791303888
66491407,0,0,20,1,1,1,1791303806
66491408,0,4,25,1,1,1,1791304036
66491409,1,0,18,1,1,1,1791304040
66499894,22,3,4,1,1,1,1791304000
66505510,4,2,54,1,1,1,1791303997
66505511,6,0,47,1,1,1,1791303984
66505513,6,2,23,1,1,1,1791303915
66505516,23,3,33,1,1,1,1791303956
66507229,11,0,15,1,1,1,1791303963
66507230,14,2,5,1,1,1,1791304008
70736110,2,2,41,1,1,1,1791304013
70903158,0,0,24,1,1,1,1791304027
72765603,5,8,6,1,1,1,1791303982
74620630,0,6,18,1,1,1,1791303990
74635382,0,0,47,1,0,0,1791304024
74692052,0,4,26,1,1,1,1791303999
74805344,9,1,18,1,1,1,1791303956
74858883,1,2,28,1,1,1,1791303973
74864208,0,0,27,1,1,1,1791304019
75313725,1,2,30,1,1,1,1791304034
75345531,9,6,1,1,1,1,1791303904
75352635,0,8,16,1,1,1,1791303965
75525462,3,1,41,1,1,1,1791304031
75641607,3,2,27,1,1,1,1791303989
76121343,0,0,26,1,1,1,1791304040
76199461,1,7,25,1,1,1,1791303953
76352106,3,0,40,1,1,1,1791304039
76488849,1,1,33,1,1,1,1791303882
76507850,1,0,30,1,1,1,1791303896
78348185,3,1,42,1,1,1,1791304017
78374110,9,4,2,1,1,1,1791303682
80077998,0,6,11,1,1,1,1791304004
80101533,0,1,34,1,1,1,1791303756
80216231,14,2,19,1,1,1,1791303989
80298493,3,1,21,1,1,1,1791303890
80419347,0,0,27,1,1,1,1791303907
81081358,0,0,36,1,1,1,1791304026
81212212,2,2,19,1,1,1,1791303918
82253759,5,1,42,1,1,1,1791303981
82328045,13,6,2,1,1,1,1791304030
82332239,4,2,27,1,1,1,1791304040
82334007,38,5,6,1,1,1,1791304024
82335295,26,2,1,1,1,1,1791303936
82336035,11,3,2,1,1,1,1791304025
82337423,20,0,25,1,1,1,1791303983
82339935,0,2,34,1,1,1,1791303925
82375611,1,1,41,1,1,1,1791303790
82379648,0,0,46,1,1,1,1791304012
82381710,1,0,14,1,1,1,1791303790
82387816,0,2,29,1,1,1,1791303942
82396562,5,13,1,1,1,1,1791303893
82402482,0,4,55,1,1,1,1791304038
82404497,7,5,24,1,1,1,1791304030
82405965,8,3,29,1,1,1,1791303933
82408364,5,2,29,1,1,1,1791304015
82413301,4,3,33,1,1,1,1791304018
82417874,0,0,74,1,0,0,1791303945
82419429,0,1,40,1,1,1,1791303945
82421013,5,3,24,1,1,1,1791304035
82421994,9,2,23,1,1,1,1791304036
82423726,4,0,62,1,1,1,1791304002
82425449,3,6,42,1,1,1,1791304039
82429586,13,3,24,1,1,1,1791304012
82432573,0,2,48,1,1,1,1791303972
82436057,2,1,19,1,1,1,1791304007
82440673,6,14,27,1,1,1,1791304036
82445192,0,0,39,1,1,1,1791304005
82448637,26,1,13,1,1,1,1791303983
82450803,50,3,6,1,1,1,1791304040
82455731,26,2,31,1,1,1,1791304036
82457375,24,3,4,1,1,1,1791303987
82458977,2,4,16,1,1,1,1791303984
82468690,0,4,51,1,1,1,1791304026
82499609,11,5,19,1,1,1,1791303951
82508970,2,2,21,1,1,1,1791303937
82550543,39,5,8,1,1,1,1791304017
82551956,2,2,28,1,1,1,1791303728
82554449,9,5,45,1,1,1,1791304017
82554786,0,3,25,1,1,1,1791303761
82562496,1,0,19,1,1,1,1791304003
82562556,25,3,20,1,1,1,1791304040
82563707,5,2,22,1,1,1,1791304025
82565383,5,5,34,1,1,1,1791303931
82566934,5,4,42,1,1,1,1791303867
82567101,0,3,22,1,1,1,1791303870
82568336,0,2,26,1,1,1,1791303854
82569809,3,0,19,1,1,1,1791303956
82571023,2,1,40,1,1,1,1791304012
82571110,0,0,0,0,0,0,1784531933
82573931,0,2,34,1,1,1,1791303657
82574198,34,4,2,1,1,1,1791304020
82574979,0,2,24,1,1,1,1791303918
82577019,0,9,20,1,1,1,1791304001
82583924,0,1,28,1,1,1,1791303969
82584215,38,1,23,1,1,1,1791303893
82587428,0,7,22,1,1,1,1791303837
82588494,1,1,25,1,1,1,1791304019
82588656,44,0,9,1,1,1,1791303971
82590367,45,1,8,1,1,1,1791304021
84958519,1,0,13,1,1,1,1791303958
84960402,19,1,19,1,1,1,1791303761
84961467,6,1,47,1,1,1,1791303876
84966359,1,0,24,1,1,1,1791303967
84979504,4,2,16,1,1,1,1791303836
84983562,2,0,50,1,1,1,1791303875
84986959,15,3,39,1,1,1,1791303970
85002689,7,11,40,1,1,1,1791303820
85008390,67,1,2,1,1,1,1791304034
85015750,1,2,35,1,1,1,1791303983
85043758,10,7,16,1,1,1,1791304039
85118872,0,1,37,1,1,1,1791304011
85120104,0,3,12,1,1,1,1791304027
85123644,0,3,22,1,1,1,1791303983
85145704,0,1,24,1,1,1,1791303919
85147829,17,1,8,1,1,1,1791304023
85152599,28,6,11,1,1,1,1791304037
85155919,0,1,30,1,1,1,1791304024
85160045,0,1,24,1,1,1,1791303936
85162552,0,5,40,1,1,1,1791304034
85165045,2,1,20,1,1,1,1791303995
88140066,1,0,64,1,1,1,1791303949
88230992,0,1,29,1,1,1,1791303945
89553051,0,1,20,1,1,1,1791304033
94250567,36,0,11,1,1,1,1791304017
94555589,0,1,25,1,1,1,1791303850
95073815,1,0,38,1,1,1,1791304015
95845524,14,3,0,1,1,1,1791303952
95927849,4,4,30,1,1,1,1791303953
96512532,1,0,31,1,1,1,1791303893
96608796,18,4,5,1,1,1,1791303966
97677210,3,4,43,1,1,1,1791303899
97705710,12,6,20,1,1,1,1791303866
98132679,0,0,47,1,1,1,1791303640
98187918,32,3,24,1,1,1,1791304024
99798962,6,6,0,1,1,1,1791303984
99840124,2,5,36,1,1,1,1791303988
99886640,6,0,18,1,1,1,1791303991
99950133,41,1,10,1,1,1,1791304009
100227241,7,1,27,1,1,1,1791303937
100759356,7,3,6,1,1,1,1791304004
100760396,3,27,0,1,1,1,1791303590
100767550,31,7,4,1,1,1,1791303955
100769544,36,2,6,1,1,1,1791303959
100770878,18,5,1,1,1,1,1791303977
100783424,22,0,45,1,1,1,1791304040
100790494,0,4,19,1,1,1,1791303908
100798076,30,5,0,1,1,1,1791303935
100855693,19,1,4,1,1,1,1791304002
100859941,17,0,34,1,1,1,1791303993
100863462,14,1,46,1,1,1,1791304035
100868590,9,1,16,1,1,1,1791304030
100872260,28,2,11,1,1,1,1791304000
100893610,31,18,6,1,1,1,1791304039
100902274,12,1,40,1,1,1,1791304015
100906707,0,2,39,1,1,1,1791304040
100910836,18,19,9,1,1,1,1791303941
100918666,4,6,8,1,1,1,1791303931
100921894,0,0,38,1,1,1,1791303983
100923502,4,2,32,1,1,1,1791303956
100925033,1,2,39,1,1,1,1791303984
100933541,1,1,25,1,1,1,1791303999
100934967,8,3,34,1,1,1,1791304006
100967498,4,7,40,1,1,1,1791304029
101008598,1,3,35,1,1,1,1791304036
101010226,7,2,56,1,1,1,1791304014
101011685,4,5,15,1,1,1,1791303991
101013666,2,1,30,1,1,1,1791304039
101015227,16,1,17,1,1,1,1791303978
101022698,1,0,35,1,1,1,1791304028
101024234,46,1,8,1,1,1,1791303994
101488317,0,0,33,1,1,1,1791304033
101490103,1,0,21,1,1,1,1791303924
101491821,0,1,39,1,1,1,1791304031
101738550,4,10,22,1,1,1,1791303998
101740379,0,3,40,1,1,1,1791303901
101742129,6,4,27,1,1,1,1791304034
101743895,40,2,20,1,1,1,1791303993
101746493,30,6,15,1,1,1,1791304035
101748685,32,3,6,1,1,1,1791304034
101751231,0,15,21,1,1,1,1791303985
101753100,8,0,8,1,1,1,1791303944
101756482,52,4,0,1,1,1,1791304031
101759167,15,4,26,1,1,1,1791304038
101761298,23,1,22,1,1,1,1791303751
101763163,3,1,6,1,1,1,1791303675
102287315,35,3,3,1,1,1,1791304029
102289046,24,7,3,1,1,1,1791303980
102304517,1,0,44,1,1,1,1791303892
102307005,0,0,22,1,1,1,1791304039
102309973,2,5,33,1,1,1,1791303957
102311820,1,7,27,1,1,1,1791303974
102313219,0,2,32,1,1,1,1791303936
102314792,0,3,30,1,1,1,1791303766
102323152,0,3,17,1,1,1,1791304001
102324803,0,5,35,1,1,1,1791303963
102326776,1,0,20,1,1,1,1791303651
102328355,5,2,13,1,1,1,1791303933
102329800,3,7,16,1,1,1,1791304018
102331767,18,8,7,1,1,1,1791304036
102333275,20,7,6,1,1,1,1791303987
102335085,36,4,0,1,1,1,1791304004
102336814,16,0,6,1,1,1,1791303952
102338493,1,7,21,1,1,1,1791303925
102339791,16,3,8,1,1,1,1791304010
102341385,11,5,7,1,1,1,1791303999
102343591,0,2,29,1,1,1,1791303506
102722579,7,0,18,1,1,1,1791304034
102724418,14,1,9,1,1,1,1791303862
102743096,0,2,22,1,1,1,1791304032
102745622,4,1,19,1,1,1,1791303982
102747146,0,0,19,1,1,1,1791303891
102748267,1,0,23,1,1,1,1791303865
102749572,0,4,45,1,1,1,1791304037
102751453,2,1,23,1,1,1,1791303712
102752610,0,4,23,1,1,1,1791303999
109609241,14,1,16,1,1,1,1791303926
117480156,14,2,30,1,1,1,1791304030
120564786,0,0,54,1,0,0,1779496597
120827885,0,1,11,1,1,1,1791303819
121025345,2,3,6,1,1,1,1791303949
121086415,2,0,22,1,1,1,1791303885
121160813,6,5,15,1,1,1,1791304040
123095125,16,31,1,1,1,1,1791303926
124167835,5,9,2,1,1,1,1791303731
124183944,0,2,50,1,1,1,1791303894
124390478,0,0,16,1,1,1,1791303866
124402232,0,2,38,1,1,1,1791304040
124622630,13,0,24,1,1,1,1791304036
125370566,0,3,16,1,1,1,1791303881
125469898,0,1,32,1,1,1,1791303995
125542925,2,13,22,1,1,1,1791304026
125623876,1,1,17,1,1,1,1791303911
125811629,27,0,16,1,1,1,1791304032
125881065,4,7,21,1,1,1,1791304011
125918662,1,10,27,1,1,1,1791303997
126050442,1,1,21,1,1,1,1791303971
126175087,6,8,9,1,1,1,1791303945
126354477,4,4,10,1,1,1,1791304031
128834707,15,4,2,1,1,1,1791303986
128841079,5,5,25,1,1,1,1791304041
128843085,11,4,13,1,1,1,1791304031
128874528,9,3,4,1,1,1,1791304036
128878135,11,4,10,1,1,1,1791304026
128880156,18,6,1,1,1,1,1791304012
128882438,21,8,9,1,1,1,1791304014
128884445,23,2,39,1,1,1,1791303911
128887067,0,1,18,1,1,1,1791303967
128889359,19,2,17,1,1,1,1791303939
128890772,2,2,22,1,1,1,1791303977
128915891,17,1,14,1,1,1,1791303932
128920403,7,2,17,1,1,1,1791304016
128928526,2,1,11,1,1,1,1791304004
128930462,4,0,25,1,1,1,1791304031
128932790,1,2,34,1,1,1,1791304032
128940135,0,0,20,1,1,1,1791303637
128986726,12,5,14,1,1,1,1791304024
128989986,2,1,24,1,1,1,1791303846
129001431,2,1,28,1,1,1,1791303997
129004826,2,4,10,1,1,1,1791303930
129011497,2,3,18,1,1,1,1791303883
129014600,0,1,29,1,1,1,1791304028
129016495,7,5,37,1,1,1,1791304037
129021753,1,1,13,1,1,1,1791304026
129023855,0,2,21,1,1,1,1791303588
129025451,0,0,27,1,1,1,1791303914
129026597,9,2,9,1,1,1,1791304026
129029327,0,1,18,1,1,1,1791303979
129032910,43,8,2,1,1,1,1791303999
129034587,3,6,7,1,1,1,1791303988
129036192,1,0,13,1,1,1,1791304034
129038848,14,0,17,1,1,1,1791304040
129042700,5,17,37,1,1,1,1791304001
129043651,7,1,14,1,1,1,1791303919
129048000,0,3,61,1,1,1,1791304006
129050965,0,0,19,1,0,0,1791303930
129059516,4,2,52,1,1,1,1791303917
129060764,0,0,28,1,1,1,1791303992
129061615,27,1,5,1,1,1,1791303980
129067920,0,8,20,1,1,1,1791304017
129069108,2,1,34,1,1,1,1791303909
129077035,27,5,16,1,1,1,1791304012
129078200,2,4,22,1,1,1,1791304036
129079313,20,2,19,1,1,1,1791304034
129080400,0,1,22,1,1,1,1791303566
129081441,0,1,20,1,1,1,1791303866
129083553,4,2,24,1,1,1,1791303973
129086648,2,1,39,1,1,1,1791303822
129087587,4,1,34,1,1,1,1791304030
129088667,12,5,36,1,1,1,1791303974
129089749,2,0,29,1,1,1,1791303827
129091653,4,2,27,1,1,1,1791303995
129094535,1,2,39,1,1,1,1791304038
129095489,0,2,25,1,1,1,1791304040
129096696,1,3,9,1,1,1,1791303989
129101773,1,7,36,1,1,1,1791303998
129103849,0,3,16,1,1,1,1791303998
129106450,1,3,32,1,1,1,1791303967
129107656,1,2,22,1,1,1,1791304032
129114993,0,2,29,1,1,1,1791303990
129116697,0,0,18,1,1,1,1791303453
129119449,0,4,27,1,1,1,1791303868
129121741,0,3,46,1,1,1,1791304025
129125489,0,8,12,1,1,1,1791303959
129130397,6,5,9,1,1,1,1791304038
129132870,3,1,19,1,1,1,1791304036
129134084,10,4,10,1,1,1,1791304029
129135654,26,4,0,1,1,1,1791303971
129136818,0,0,22,1,1,1,1791303915
129142199,1,2,26,1,1,1,1791303977
129143598,13,1,13,1,1,1,1791304003
129144878,1,4,25,1,1,1,1791303968
129145892,4,3,41,1,1,1,1791304027
129151834,1,9,32,1,1,1,1791304011
129152818,2,1,18,1,1,1,1791303958
129161858,3,6,22,1,1,1,1791303772
129164969,6,11,33,1,1,1,1791303997
131094294,5,2,18,1,1,1,1791303848
131908132,11,0,7,1,1,1,1791304014
135806005,0,4,10,1,1,1,1791303791
201923447,13,1,24,1,1,1,1791304011
205047993,4,6,33,1,1,1,1791303986
205938683,0,7,40,1,1,1,1791303939
205955605,0,0,36,1,1,1,1791304040
207633746,1,2,57,1,1,1,1791303889
208603342,9,8,1,1,1,1,1791304027
208795867,0,5,11,1,1,1,1791303943
209057581,1,5,12,1,1,1,1791303801
209063434,4,2,24,1,1,1,1791303686
210090269,0,1,77,1,1,1,1791303958
210328645,23,9,4,1,1,1,1791304011
210386007,10,3,7,1,1,1,1791303966
210387163,15,9,5,1,1,1,1791303996
210389577,8,2,20,1,1,1,1791303911
210394523,23,9,1,1,1,1,1791303836
210395439,18,5,0,1,1,1,1791303914
210396518,0,4,12,1,1,1,1791304028
210397939,2,6,7,1,1,1,1791304039
210399835,0,7,44,1,1,1,1791303991
210403080,6,5,11,1,1,1,1791304035
210405211,5,0,15,1,1,1,1791303797
210408693,6,3,15,1,1,1,1791303976
210561800,9,3,4,1,1,1,1791303971
210565680,7,3,24,1,1,1,1791304010
210566542,12,2,45,1,1,1,1791304036
210567545,13,0,5,1,1,1,1791303877
210568512,12,13,49,1,1,1,1791303956
210573120,0,0,33,1,1,1,1791303580
210574471,1,3,10,1,1,1,1791303929
210580039,1,2,14,1,1,1,1791303993
210581084,3,0,39,1,1,1,1791303702
210582231,1,0,24,1,1,1,1791303636
210582921,1,1,26,1,1,1,1791304038
210583589,26,5,1,1,1,1,1791304014
210584503,0,11,1,1,1,1,1791303927
210585225,0,8,12,1,1,1,1791303966
210586093,2,1,21,1,1,1,1791303957
210737808,0,3,25,1,1,1,1791303972
210738704,16,4,5,1,1,1,1791304024
210740080,0,1,47,1,1,1,1791303751
210744286,8,1,34,1,1,1,1791303998
210745258,8,16,19,1,1,1,1791303852
210746090,0,0,49,1,0,0,1791303671
210747224,21,3,25,1,1,1,1791303983
210748575,3,9,38,1,1,1,1791304039
210749865,0,5,11,1,1,1,1791303942
210751059,0,5,6,1,1,1,1791303877
210754072,1,2,32,1,1,1,1791303957
213674686,12,5,18,1,1,1,1791304011
213675430,38,2,6,1,1,1,1791304006
213676294,30,1,4,1,1,1,1791303995
213676825,14,0,36,1,1,1,1791303916
213677219,3,3,15,1,1,1,1791303801
213679512,2,2,32,1,1,1,1791303999
213680246,1,0,33,1,1,1,1791304022
213680553,3,7,41,1,1,1,1791304037
213680917,3,5,17,1,1,1,1791304034
213681356,3,3,15,1,1,1,1791303930
213682190,3,3,36,1,1,1,1791304023
213682736,2,0,49,1,1,1,1791303977
213683101,17,0,2,1,1,1,1791303966
213683992,43,1,6,1,1,1,1791303975
213684314,1,0,24,1,1,1,1791303819
213684750,30,3,2,1,1,1,1791304030
213685090,16,5,5,1,1,1,1791303966
213685514,9,1,14,1,1,1,1791303993
213685863,30,3,15,1,1,1,1791304002
213686196,0,3,16,1,1,1,1791304038
213686471,0,3,21,1,1,1,1791303932
213686749,3,7,25,1,1,1,1791304037
213687475,0,0,22,1,1,1,1791303963
213688169,0,0,35,1,1,1,1791303928
213688462,0,2,36,1,1,1,1791303844
213688824,0,2,31,1,1,1,1791303993
213689228,1,2,39,1,1,1,1791303912
213689815,9,5,19,1,1,1,1791304024
213690256,0,0,44,1,1,1,1791303939
213690847,6,3,27,1,1,1,1791303839
213691137,3,0,26,1,1,1,1791303914
213691848,4,2,36,1,1,1,1791303616
213692227,3,5,28,1,1,1,1791303992
213692714,0,5,19,1,1,1,1791303802
213693126,1,1,19,1,1,1,1791304005
213693511,0,5,17,1,1,1,1791303889
213694069,0,3,20,1,1,1,1791303977
213694482,1,2,16,1,1,1,1791303961
213695073,0,0,32,1,1,1,1791303949
213699079,3,4,57,1,1,1,1791303997
213699913,8,14,7,1,1,1,1791303956
213700358,0,1,19,1,1,1,1791304019
213702608,1,2,16,1,1,1,1791304000
213706622,1,0,22,1,1,1,1791304027
213848056,44,6,4,1,1,1,1791303956
213868408,6,4,18,1,1,1,1791303963
213875650,5,4,15,1,1,1,1791303995
213894629,0,2,43,1,1,1,1791304017
213922790,0,3,46,1,1,1,1791303800
213936755,0,0,49,1,1,1,1791303663
213945171,0,7,14,1,1,1,1791303852
213952930,1,2,26,1,1,1,1791303758
213957917,1,2,24,1,1,1,1791303989
213987795,0,1,21,1,1,1,1791304006
213992316,0,2,45,1,1,1,1791304016
213999554,7,7,7,1,1,1,1791303990
214019379,1,2,22,1,1,1,1791304035
214097180,8,1,14,1,1,1,1791304008
214102967,4,2,34,1,1,1,1791304010
214109662,2,4,14,1,1,1,1791303803
214114469,18,10,1,1,1,1,1791304027
214119792,14,2,4,1,1,1,1791303908
214122655,0,0,31,1,1,1,1791303992
214134714,1,2,23,1,1,1,1791303683
214139374,1,7,21,1,1,1,1791303933
214146056,8,4,17,1,1,1,1791304010
214298601,2,3,18,1,1,1,1791303773
215495494,5,5,36,1,1,1,1791303990
216039437,0,7,33,1,1,1,1791304036
216473073,0,2,15,1,1,1,1791304012
217235307,2,4,19,1,1,1,1791304006
217572769,0,1,25,1,1,1,1791303935
220502135,13,4,18,1,1,1,1791304035
220504949,19,6,3,1,1,1,1791304034
220726050,35,1,19,1,1,1,1791304031
221032834,19,21,6,1,1,1,1791304026
221036108,2,1,43,1,1,1,1791304036
221038698,10,7,8,1,1,1,1791303830
221041655,3,1,51,1,1,1,1791303993
221047138,0,0,18,1,1,1,1791303809
221094844,1,4,17,1,1,1,1791304036
224256188,4,1,24,1,1,1,1791304038
224589573,1,8,7,1,1,1,1791304030
224598098,23,3,23,1,1,1,1791304035
230873471,1,0,20,1,1,1,1791303873
230877798,1,3,30,1,1,1,1791303581
230952057,15,3,11,1,1,1,1791303911
235197110,39,4,2,1,1,1,1791304015
235241110,5,2,54,1,1,1,1791303969
235513935,0,0,27,1,1,1,1791303806
235599121,5,3,17,1,1,1,1791304035
237624030,0,3,32,1,1,1,1791303860
244400797,4,3,13,1,1,1,1791304036
244498842,3,1,43,1,1,1,1791303897
245187072,0,0,19,1,1,1,1791303904
251039991,0,0,25,1,1,1,1791303929
252339799,9,1,17,1,1,1,1791303996
253357936,40,8,7,1,1,1,1791304029
254224239,9,7,45,1,1,1,1791304038
255207155,0,0,18,1,1,1,1791304040
255322397,3,1,22,1,1,1,1791303975
256124192,0,3,39,1,1,1,1791304038
256403519,2,6,13,1,1,1,1791303909
256561528,8,0,35,1,1,1,1791303777
259977414,17,4,0,1,1,1,1791304039
261987383,0,2,24,1,1,1,1791304020
262607058,1,0,32,1,1,1,1791303614
263610599,2,5,33,1,1,1,1791304022
263732151,2,6,24,1,1,1,1791304035
265201872,2,1,46,1,1,1,1791303912
265266148,2,2,17,1,1,1,1791303997
265464297,0,1,47,1,1,1,1791304025
266052390,2,9,16,1,1,1,1791303929
266422568,14,3,3,1,1,1,1791303989
266963426,39,2,10,1,1,1,1791303987
267976590,54,4,8,1,1,1,1791303928
268976295,3,3,25,1,1,1,1791304009
269953055,2,2,23,1,1,1,1791303996
271540743,13,0,12,1,1,1,1791303916
275968458,0,1,57,1,1,1,1791304029
276989966,11,2,5,1,1,1,1791304038
284708999,1,1,35,1,1,1,1791303864
284711589,13,2,2,1,1,1,1791303737
284787594,1,4,35,1,1,1,1791304020
285001735,16,1,35,1,1,1,1791303891
285454061,0,2,43,1,1,1,1791303991
287096529,10,2,29,1,1,1,1791304034
292871105,0,1,18,1,1,1,1791304008
301841024,2,2,26,1,1,1,1791303873
302725495,0,4,46,1,1,1,1791303976
303102719,1,3,6,1,1,1,1791303712
303452950,1,5,27,1,1,1,1791303966
308082350,3,0,24,1,1,1,1791303648
311153993,21,9,1,1,1,1,1791303989
311552027,18,6,21,1,1,1,1791304035
312165511,0,0,38,1,0,0,1791303937
312870435,0,3,9,1,1,1,1791304026
314829539,1,4,44,1,1,1,1791303986
315022587,15,2,48,1,1,1,1791304010
323468705,15,6,11,1,1,1,1791303994
323486248,1,0,14,1,1,1,1791304039
323616530,0,0,17,1,0,0,1791303807
331153695,12,9,0,1,1,1,1791303945
335780498,16,5,8,1,1,1,1791304040
336511521,0,7,21,1,1,1,1791303651
338762459,0,2,17,1,1,1,1791303940
338824395,0,1,14,1,0,0,1791303752
339797666,0,1,23,1,1,1,1791304008
341388492,1,1,42,1,1,1,1791304010
349750111,1,1,28,1,1,1,1791303991
353462947,8,0,18,1,1,1,1791303794
357409723,30,5,9,1,1,1,1791304009
357491025,0,1,21,1,1,1,1791303892
362178041,0,1,25,1,1,1,1791303869
362869414,1,2,21,1,1,1,1791303998
363735875,16,1,0,1,1,1,1791303622
365181481,0,4,46,1,1,1,1791304007
365886904,2,0,34,1,1,1,1791303773
368766689,13,2,12,1,1,1,1791304011
369011098,0,0,21,1,1,1,1791304039
369644630,3,4,25,1,1,1,1791304028
378626842,12,0,37,1,1,1,1791304036
378648513,4,3,27,1,1,1,1791304037
379063990,0,0,22,1,1,1,1791303669
380891087,17,1,17,1,1,1,1791304010
384370499,0,4,21,1,1,1,1791304040
389788858,68,0,1,1,1,1,1791303965
390075668,1,3,34,1,1,1,1791303940
390212609,16,8,4,1,1,1,1791303957
391845823,4,7,12,1,1,1,1791303889
392576677,4,1,19,1,1,1,1791304033
394404659,14,3,25,1,1,1,1791304024
404947652,23,4,3,1,1,1,1791303974
406806401,19,2,6,1,1,1,1791303890
409364001,0,1,17,1,1,1,1791303665
417088374,28,2,9,1,1,1,1791303899
417623119,1,7,10,1,1,1,1791303893
419381597,1,3,45,1,1,1,1791304036
419991048,1,0,46,1,1,1,1791304000
422639331,2,4,21,1,1,1,1791303988
426772876,2,0,28,1,1,1,1791304038
427678168,15,27,4,1,1,1,1791304014
428088564,0,3,22,1,1,1,1791303953
434419150,9,1,48,1,1,1,1791304026
437741660,24,14,5,1,1,1,1791304031
439750210,0,1,24,1,1,1,1791304037
442739463,0,0,18,1,0,0,1791303690
443153677,17,5,13,1,1,1,1791304019
443198808,0,0,35,1,1,1,1791303914
443402852,3,4,38,1,1,1,1791304033
443654970,26,3,4,1,1,1,1791304002
452341449,2,3,15,1,1,1,1791303911
452347778,12,4,4,1,1,1,1791303972
452920451,4,0,20,1,1,1,1791303839
452936197,3,2,53,1,1,1,1791303881
453172172,1,1,9,1,1,1,1791303794
457713145,27,1,15,1,1,1,1791303925
457813746,0,7,9,1,1,1,1791303847
457834134,17,0,10,1,1,1,1791303660
458086607,1,2,25,1,1,1,1791303994
460558111,0,2,18,1,0,0,1791303931
462875227,5,2,17,1,1,1,1791304013
463297497,0,0,17,1,1,1,1791303808
468354634,2,3,24,1,1,1,1791304026
468843711,5,4,12,1,1,1,1791303975
470807791,10,0,22,1,1,1,1791304034
471094898,1,3,20,1,1,1,1791304033
473204291,0,1,32,1,1,1,1791303740
475524450,3,0,21,1,1,1,1791303952
476053320,15,0,10,1,1,1,1791304009
476155906,10,3,12,1,1,1,1791304030
476183970,13,2,25,1,1,1,1791304010
478250062,15,8,0,1,1,1,1791304034
478385490,0,2,28,1,1,1,1791303986
478593396,0,6,13,1,1,1,1791303998
478732841,6,3,4,1,1,1,1791304003
478952881,0,0,38,1,0,0,1791303885
484387018,0,0,30,1,1,1,1791303756
484423835,15,6,5,1,1,1,1791304039
484889494,18,3,3,1,1,1,1791303966
486750405,0,0,23,1,1,1,1791303921
486833337,2,7,20,1,1,1,1791304038
488872892,24,6,10,1,1,1,1791304009
488889101,6,3,22,1,1,1,1791303827
488980540,1,4,28,1,1,1,1791304035
491687415,2,6,13,1,1,1,1791303974
491932748,0,2,35,1,1,1,1791303854
494183852,19,1,17,1,1,1,1791304038
499303158,22,4,4,1,1,1,1791303806
501318622,0,2,21,1,1,1,1791303792
501862076,2,2,17,1,1,1,1791303667
506455295,0,0,16,1,1,1,1791303995
507934805,0,0,24,1,1,1,1791303811
508042092,17,7,9,1,1,1,1791303799
516709288,0,1,19,1,1,1,1791303910
518825709,1,1,18,1,1,1,1791303788
521393180,2,2,17,1,1,1,1791303960
523900881,4,23,31,1,1,1,1791303893
532054446,37,5,16,1,1,1,1791304039
535500589,40,0,38,1,1,1,1791303972
544249939,19,1,29,1,1,1,1791304001
549480297,18,0,19,1,1,1,1791303937
549876068,3,7,34,1,1,1,1791304037
559507144,0,0,24,1,1,1,1791303827
559595472,11,4,7,1,1,1,1791304036
559980654,4,4,16,1,1,1,1791304019
567884788,7,1,14,1,1,1,1791303937
568135465,5,3,27,1,1,1,1791304037
569583918,0,1,9,1,1,1,1791303924
570185777,1,1,27,1,1,1,1791303901
571923059,1,6,40,1,1,1,1791303962
572566600,0,0,30,1,1,1,1791303701
576188379,1,2,20,1,1,1,1791303716
581480367,0,0,68,1,0,0,1791304024
583178525,1,0,19,1,1,1,1791303796
583539396,0,2,25,1,1,1,1791303859
586539770,0,1,21,1,1,1,1791303606
586649404,11,3,10,1,1,1,1791304000
588452142,2,1,15,1,1,1,1791303992
593238093,7,0,16,1,1,1,1791303990
596813170,0,0,15,1,1,1,1791303925
596872103,0,0,30,1,1,1,1791282881
597245295,1,12,20,1,1,1,1791303925
599135701,1,4,37,1,1,1,1791304025
606669250,3,2,30,1,1,1,1791303931
611152693,0,4,23,1,1,1,1791303964
613737748,21,1,10,1,1,1,1791304031
620403530,7,2,10,1,1,1,1791304023
620676855,12,8,2,1,1,1,1791303909
624177860,28,5,16,1,1,1,1791304002
631773910,4,7,13,1,1,1,1791304020
632007124,3,3,30,1,1,1,1791303824
632086890,18,4,0,1,1,1,1791303986
640629438,2,2,18,1,1,1,1791303816
647826568,21,4,6,1,1,1,1791304017
648227675,0,4,33,1,1,1,1791304010
649888071,5,4,11,1,1,1,1791303887
650091839,11,10,3,1,1,1,1791303996
652120758,1,1,57,1,1,1,1791304020
652192395,36,11,19,1,1,1,1791304034
653035822,5,1,21,1,1,1,1791304034
653040243,9,1,17,1,1,1,1791304029
653042442,0,0,38,1,1,1,1791303986
653042678,5,2,16,1,1,1,1791304037
653046029,24,4,20,1,1,1,1791304006
653046369,0,2,62,1,1,1,1791303942
653048150,1,3,35,1,1,1,1791303945
653050378,44,2,1,1,1,1,1791304010
653055049,3,0,31,1,1,1,1791304006
653055097,1,1,19,1,1,1,1791303610
653059015,5,6,18,1,1,1,1791304025
653059879,8,24,5,1,1,1,1791303844
653062048,4,12,26,1,1,1,1791304035
653063170,4,5,29,1,1,1,1791304007
653065577,1,0,27,1,1,1,1791303966
653066427,5,4,14,1,1,1,1791303985
653069115,0,1,32,1,1,1,1791304034
653072212,10,3,16,1,1,1,1791303887
653073004,10,9,37,1,1,1,1791304040
653076373,7,1,25,1,1,1,1791303963
653076393,0,0,62,1,1,1,1791304039
653079135,3,0,11,1,1,1,1791303831
653079520,1,13,3,1,1,1,1791303917
653080383,30,1,15,1,1,1,1791304016
653080986,0,1,15,1,1,1,1791304019
653081846,1,7,22,1,1,1,1791303844
653083263,1,2,35,1,1,1,1791304035
653083675,0,1,19,1,1,1,1791303953
653085678,4,1,18,1,1,1,1791304041
653086121,2,4,28,1,1,1,1791303891
653087180,1,1,29,1,1,1,1791303951
653087914,5,10,11,1,1,1,1791303708
653089942,5,0,22,1,1,1,1791304040
653091206,1,2,36,1,1,1,1791304040
653091677,20,4,0,1,1,1,1791303898
653092274,1,6,24,1,1,1,1791303936
653094517,5,2,34,1,1,1,1791303890
653097126,1,3,35,1,1,1,1791303991
653099465,1,1,28,1,1,1,1791304019
653102462,20,5,17,1,1,1,1791304009
653104215,0,0,32,1,1,1,1791304036
653106960,22,1,14,1,1,1,1791304024
653107480,0,0,21,1,1,1,1791303965
653110492,12,4,11,1,1,1,1791303981
653110858,5,2,16,1,1,1,1791303960
653114003,11,3,11,1,1,1,1791304009
653114443,8,4,6,1,1,1,1791303557
653118283,21,2,1,1,1,1,1791303995
653121023,9,3,13,1,1,1,1791304041
653122771,16,4,2,1,1,1,1791303996
653123610,10,1,23,1,1,1,1791304019
653125838,9,2,16,1,1,1,1791303931
653126035,0,7,11,1,1,1,1791303946
653127524,14,4,11,1,1,1,1791303995
653129412,0,1,29,1,1,1,1791303957
653129435,1,0,15,1,1,1,1791304025
653131074,0,0,25,1,1,1,1791303835
653132534,0,1,23,1,1,1,1791304024
653134004,0,0,26,1,1,1,1791303978
653135378,0,1,34,1,1,1,1791303938
653135400,12,3,8,1,1,1,1791304035
653137566,0,4,28,1,1,1,1791304033
653137567,8,2,11,1,1,1,1791303862
653139063,21,12,17,1,1,1,1791303804
653139897,0,0,27,1,1,1,1791303772
653140345,2,6,16,1,1,1,1791303992
653141822,5,3,12,1,1,1,1791303966
653143563,0,2,27,1,1,1,1791303839
653144717,1,1,23,1,1,1,1791303780
653146273,6,3,11,1,1,1,1791303889
653147618,2,3,22,1,1,1,1791303552
653150828,1,2,17,1,1,1,1791303660
653153519,9,6,4,1,1,1,1791303962
653155159,2,4,15,1,1,1,1791303947
653156540,0,0,34,1,1,1,1791303936
653159330,15,8,5,1,1,1,1791303993
653165196,5,4,18,1,1,1,1791303946
653166892,1,2,27,1,1,1,1791303688
653175838,0,3,15,1,1,1,1791304026
653184632,0,0,32,1,1,1,1791303995
653187900,1,9,29,1,1,1,1791304010
653190196,0,2,35,1,1,1,1791303861
653190279,14,2,4,1,1,1,1791304013
653193536,0,1,19,1,1,1,1791303738
653194214,2,2,14,1,1,1,1791303922
653197206,3,3,17,1,1,1,1791303589
653197324,3,14,6,1,1,1,1791303713
653200142,12,4,22,1,1,1,1791304036
653203262,12,4,11,1,1,1,1791304020
653205656,8,0,17,1,1,1,1791303989
653208733,0,6,30,1,1,1,1791303919
653217067,0,13,4,1,1,1,1791304018
653222953,2,6,21,1,1,1,1791303676
813544903,9,1,19,1,1,1,1791304027
818302209,2,4,46,1,1,1,1791303960
828134511,1,0,30,1,1,1,1791303820
875078767,0,1,19,1,1,1,1791304023
907054879,6,5,8,1,1,1,1791303953
911767210,0,0,24,1,0,0,1790495480
912377361,1,2,41,1,1,1,1791303991
933214552,11,0,13,1,1,1,1791303980
963786819,1,1,28,1,1,1,1791303830
976762284,0,10,18,1,1,1,1791304039
977409509,2,0,36,1,1,1,1791303918
979059925,2,3,22,1,1,1,1791303765
985086307,6,5,9,1,1,1,1791303988
985828965,33,6,1,1,1,1,1791304029
989753852,4,5,31,1,1,1,1791304010
991351798,0,3,16,1,1,1,1791304012
1002059045,11,10,4,1,1,1,1791304033
1002738770,8,3,13,1,1,1,1791303966
1015246367,0,0,25,1,0,0,1613934558
1020700136,10,2,8,1,1,1,1791303928
1021176825,10,5,6,1,1,1,1791303880
1021553839,0,1,35,1,1,1,1791304031
1023083417,2,7,11,1,1,1,1791303858
1025995767,2,10,7,1,1,1,1791303970
1034242363,0,1,33,1,1,1,1791303815
1034247348,7,0,25,1,1,1,1791303926
1035816937,2,1,25,1,1,1,1791303987
1036199130,11,7,3,1,1,1,1791304021
1055541632,24,2,16,1,1,1,1791304019
1055553396,5,1,9,1,1,1,1791303984
1056715831,17,3,0,1,1,1,1791303955
1056947780,1,0,25,1,1,1,1791303825
1056959071,0,0,40,1,1,1,1791304013
1056965116,3,4,42,1,1,1,1791304005
1056972307,23,20,4,1,1,1,1791303980
1056979685,10,3,13,1,1,1,1791303994
1056986761,31,0,24,1,1,1,1791304034
1056995858,2,3,24,1,1,1,1791303595
1057003116,24,5,17,1,1,1,1791304009
1057009034,0,1,25,1,1,1,1791304032
1057039016,10,2,8,1,1,1,1791304033
1057045129,36,2,1,1,1,1,1791304028
1057061349,11,2,19,1,1,1,1791303934
1057072168,0,5,19,1,1,1,1791303987
1057081237,0,8,15,1,1,1,1791303858
1057091571,21,2,4,1,1,1,1791303983
1057149522,10,0,10,1,1,1,1791304039
1057179405,0,4,24,1,1,1,1791303711
1057184567,0,2,33,1,1,1,1791303890
1057203651,1,1,40,1,1,1,1791303976
1057207064,2,9,12,1,1,1,1791303819
1057210479,1,3,10,1,1,1,1791303807
1057221951,18,3,7,1,1,1,1791303967
1057228658,0,3,19,1,1,1,1791303518
1057234527,14,4,16,1,1,1,1791303914
1057290902,0,2,43,1,1,1,1791303888
1057296253,47,4,10,1,1,1,1791304003
1057302263,1,4,13,1,1,1,1791304016
1057319366,24,5,1,1,1,1,1791303967
1057324291,0,2,56,1,1,1,1791303956
1057335613,10,0,20,1,1,1,1791304034
1057354004,17,0,12,1,1,1,1791304016
1057360420,0,1,26,1,1,1,1791303943
1057366813,5,1,26,1,1,1,1791303879
1057373549,0,1,21,1,1,1,1791303952
1057378487,0,3,17,1,1,1,1791303883
1057387136,6,9,14,1,1,1,1791303735
1057392676,5,6,21,1,1,1,1791304038
1057399900,4,1,19,1,1,1,1791304006
1057405802,0,7,21,1,1,1,1791303833
1057730786,12,7,0,1,1,1,1791303995
1057737444,34,2,12,1,1,1,1791303927
1057748427,22,1,20,1,1,1,1791303967
1057753858,32,2,1,1,1,1,1791303993
1057758764,25,6,4,1,1,1,1791304024
1057765913,21,0,17,1,1,1,1791304016
1057769632,0,0,25,1,1,1,1791304038
1057774603,0,0,30,1,1,1,1791303942
1062162270,1,1,17,1,1,1,1791303995
1062179194,2,4,18,1,1,1,1791303969
1062192012,2,20,11,1,1,1,1791303873
1062206433,0,2,16,1,1,1,1791303776
1062223873,1,2,16,1,1,1,1791303888
1062238429,11,0,3,1,1,1,1791303988
1062245074,18,4,4,1,1,1,1791303957
1062250686,1,33,1,1,1,1,1791303996
1062256852,1,1,18,1,1,1,1791303886
1062671597,10,9,2,1,1,1,1791304029
1062704564,31,24,2,1,1,1,1791304026
1062742831,21,0,15,1,1,1,1791304038
1062783107,20,2,6,1,1,1,1791303905
1062797394,3,1,36,1,1,1,1791304033
1062802530,0,1,22,1,1,1,1791304033
1062807847,40,5,4,1,1,1,1791304031
1062812659,12,1,45,1,1,1,1791304003
1062827573,1,7,22,1,1,1,1791304014
1062833975,0,6,29,1,1,1,1791303960
1062874070,3,5,30,1,1,1,1791303965
1062882947,4,3,13,1,1,1,1791303995
1062982815,0,0,17,1,1,1,1791303910
1063000561,5,4,11,1,1,1,1791303992
1063012692,0,1,19,1,1,1,1791304029
1063017616,4,4,12,1,1,1,1791303914
1063027377,3,0,21,1,1,1,1791303895
1063035479,0,1,23,1,1,1,1791303925
1063044618,11,5,11,1,1,1,1791303997
1063053136,2,6,11,1,1,1,1791303941
1063061372,0,2,31,1,1,1,1791304026
1063404053,0,7,12,1,1,1,1791303995
1063410400,7,3,12,1,1,1,1791303799
1063421211,0,2,38,1,1,1,1791303578
1063429705,0,1,22,1,1,1,1791304012
1063971944,1,4,24,1,1,1,1791304003
1063984816,0,1,16,1,1,1,1791303967
1064000778,23,0,52,1,1,1,1791304029
1074060095,2,4,22,1,1,1,1791303448
1074095810,0,1,19,1,1,1,1791303481
1074142878,0,2,18,1,1,1,1791303993
1074187051,4,2,20,1,1,1,1791303988
1074204954,6,1,22,1,1,1,1791304021
1074333296,1,21,20,1,1,1,1791303902
1074339090,2,7,17,1,1,1,1791303826
1074347188,14,8,11,1,1,1,1791303911
1074352578,4,8,13,1,1,1,1791304026
1074390359,7,6,19,1,1,1,1791303844
1074398925,9,25,3,1,1,1,1791303851
1074410417,0,5,20,1,1,1,1791303974
1074428106,2,1,26,1,1,1,1791303992
1109534105,0,9,9,1,1,1,1791303512
1190800638,14,1,7,1,1,1,1791303811
1227051850,14,4,22,1,1,1,1791304017
1237624420,4,1,24,1,1,1,1791303971
1314450240,0,0,20,1,0,0,1788860662
1333959209,1,6,12,1,1,1,1791303453
1396728955,7,1,15,1,1,1,1791304035
1558958733,0,3,21,1,1,1,1791303931
1559700274,3,6,9,1,1,1,1791304008
1599896463,2,10,9,1,1,1,1791304031
1599921040,1,1,27,1,1,1,1791303995
1599931563,0,2,27,1,1,1,1791303880
1765749389,0,0,16,1,1,1,1791303690
1805255023,19,0,10,1,1,1,1791304035
1805401614,20,3,3,1,1,1,1791304036
1810975577,7,0,22,1,1,1,1791304038
1968156458,14,1,21,1,1,1,1791303894
1981490798,7,1,16,1,1,1,1791304033
1988517250,3,3,18,1,1,1,1791303833
2002864789,3,11,1,1,1,1,1791303700
2254322638,0,2,24,1,1,1,1791303990
2514995690,8,6,16,1,1,1,1791304038
2515049357,2,3,19,1,1,1,1791303972
2515085147,1,2,17,1,1,1,1791303817
2515351285,17,1,7,1,1,1,1791304026
2515403527,3,0,27,1,1,1,1791303926
2515618216,8,2,19,1,1,1,1791303996
2515636592,3,4,11,1,1,1,1791303952
2515658032,0,8,8,1,1,1,1791303915
2515672078,2,2,19,1,1,1,1791303866
2515686699,0,3,22,1,1,1,1791303728
2515701705,0,5,15,1,1,1,1791303908
2515738489,1,2,17,1,1,1,1791303763
2515756572,2,1,29,1,1,1,1791303989
2515774908,1,3,18,1,1,1,1791303921
2515802454,0,1,24,1,1,1,1791304033
2515829865,3,12,2,1,1,1,1791304025
2515855808,1,3,29,1,1,1,1791303899
2515885093,0,0,29,1,1,1,1791304005
2515907297,2,0,17,1,1,1,1791303812
2515927759,2,5,21,1,1,1,1791304013
2515976231,2,12,4,1,1,1,1791304007
2515995748,0,2,17,1,1,1,1791304004
2705290225,10,0,19,1,1,1,1791303985
2705338817,4,9,7,1,1,1,1791304019
2705356759,5,1,21,1,1,1,1791303931
2820744873,0,6,23,1,1,1,1791304020
3906094706,1,7,31,1,1,1,1791303976
3906153622,8,7,1,1,1,1,1791303993
3906215030,1,0,36,1,1,1,1791304029
3906335682,1,2,22,1,1,1,1791304011
4329844165,1,2,30,1,1,1,1791303762
9931940126,0,3,32,1,1,1,1791303825
10647548670,1,4,16,1,1,1,1791303950
10647608657,5,3,22,1,1,1,1791303998
10773448319,5,1,21,1,1,1,1791303995
11004671601,16,2,9,1,1,1,1791303761
11004720021,8,11,9,1,1,1,1791304035
11063317380,12,1,5,1,1,1,1791303979
11146696292,5,8,18,1,1,1,1791303769
11146714746,0,3,22,1,1,1,1791304035
11218473640,0,4,19,1,1,1,1791303743
11218807773,1,4,41,1,1,1,1791304030
11266280626,3,3,24,1,1,1,1791303970
11437651826,1,4,25,1,1,1,1791304020
11437706131,17,2,5,1,1,1,1791304039
11437761399,5,12,16,1,1,1,1791303892
11437961617,21,5,0,1,1,1,1791304039
11438049493,2,3,25,1,1,1,1791304033
11438116799,15,1,22,1,1,1,1791303821
11438171152,0,3,21,1,1,1,1791303870
11851012506,5,1,28,1,1,1,1791303968
11851037297,10,2,21,1,1,1,1791303874
11851103861,0,0,24,1,1,1,1791303466
11851327865,3,1,24,1,1,1,1791303762
11874261013,1,1,18,1,1,1,1791303951
11908488283,14,6,4,1,1,1,1791304023
11908496227,1,2,20,1,1,1,1791304029
11908510683,0,1,23,1,1,1,1791304034
12196660096,22,6,1,1,1,1,1791303991
12225158518,1,7,18,1,1,1,1791304008
12225289563,0,5,23,1,1,1,1791303902
12806084887,1,1,42,1,1,1,1791304037
12943772652,6,0,21,1,1,1,1791303709
12948189248,9,13,4,1,1,1,1791303828
12959947458,1,2,19,1,1,1,1791303777
13341879803,7,1,15,1,1,1,1791303945
13373712848,5,1,18,1,1,1,1791303776
13373758036,1,3,21,1,1,1,1791303997
13373801574,2,4,22,1,1,1,1791304037
13373848216,3,11,12,1,1,1,1791303752
13568870765,12,1,6,1,1,1,1791303948
14623073464,24,2,19,1,1,1,1791304039
14813797734,2,2,22,1,1,1,1791303860
15066765479,7,8,24,1,1,1,1791304022
15187848239,6,9,10,1,1,1,1791303982
15189890802,1,0,23,1,1,1,1791303749
15550433574,0,0,33,1,1,1,1791303941
15826185972,0,0,16,1,0,0,1791303446
16043228469,17,1,7,1,1,1,1791303937
16043242148,1,5,15,1,1,1,1791304040
16043282800,10,3,17,1,1,1,1791303971
16043316164,1,6,17,1,1,1,1791303956
16134083337,0,1,29,1,1,1,1791303631
16134135570,11,5,9,1,1,1,1791303958
16206691682,6,4,18,1,1,1,1791303882
16206842336,2,10,15,1,1,1,1791303725
16210188070,6,6,19,1,1,1,1791303651
16379269732,14,3,22,1,1,1,1791303980
16529895896,24,2,3,1,1,1,1791304019
16529911795,22,1,4,1,1,1,1791304004
16560752067,2,0,28,1,1,1,1791303988
16659953198,0,2,27,1,1,1,1791303826
16659964929,0,0,29,1,1,1,1791303861
16816575934,7,10,20,1,1,1,1791303933
16898865154,24,5,0,1,1,1,1791304005
16899499876,2,5,8,1,1,1,1791304005
16899518505,1,2,17,1,1,1,1791304004
16930981813,2,0,16,1,1,1,1791304040
16931052467,2,3,18,1,1,1,1791304024
16965900639,10,2,12,1,1,1,1791304030
17018170219,0,0,20,1,1,1,1791303574
17047102542,3,13,0,1,1,1,1791304018
17174675707,7,3,10,1,1,1,1791303970
17174681330,6,1,17,1,1,1,1791303661
17225742003,2,1,18,1,1,1,1791304038
17261310217,0,5,23,1,1,1,1791304005
17278902806,2,7,11,1,1,1,1791303849
17364417797,0,3,27,1,1,1,1791303735
17364714962,0,4,40,1,1,1,1791303990
17450286381,2,6,10,1,1,1,1791303989
17451132826,0,2,17,1,1,1,1791303478
17451195211,27,3,0,1,1,1,1791304033
17486274358,8,10,17,1,1,1,1791303960
17486828694,21,0,10,1,1,1,1791282637
17486876370,1,2,17,1,1,1,1791304001
17526921983,1,1,31,1,1,1,1791303762
17527065847,4,4,13,1,1,1,1791303900
17527110170,4,7,17,1,1,1,1791304028
17581042048,5,0,22,1,1,1,1791303967
17638171254,5,0,21,1,1,1,1791304016
17721073284,0,5,13,1,1,1,1791303974
17729456391,1,0,26,1,1,1,1791304014
17869323774,0,2,23,1,1,1,1791304014
17992442278,0,2,15,1,1,1,1791304029
18012983979,9,7,26,1,1,1,1791304037
18013073681,0,1,21,1,1,1,1791304017
18013112116,2,2,61,1,1,1,1791303832
18013122841,17,7,1,1,1,1,1791303954
18013132487,28,3,7,1,1,1,1791303967
18013135935,8,2,33,1,1,1,1791304039
18023659071,4,5,17,1,1,1,1791304013
18099679477,1,2,13,1,1,1,1791304007
18175885970,1,2,42,1,1,1,1791304033
18206879942,0,13,6,1,1,1,1791303858
18523627466,6,4,26,1,1,1,1791303936
18523643190,4,16,4,1,1,1,1791304018
18656691283,3,15,19,1,1,1,1791303999
18660653445,2,6,19,1,1,1,1791303839
18749423187,0,5,15,1,1,1,1791303692
18795043822,0,3,23,1,1,1,1791303738
18795078746,1,3,23,1,1,1,1791303695
18815024485,6,2,27,1,1,1,1791303944
18880379814,0,2,22,1,1,1,1791303935
18890164656,0,2,22,1,1,1,1791303982
18908512040,0,1,17,1,1,1,1791304036
19006016846,0,4,19,1,1,1,1791303980
19016646124,13,3,10,1,1,1,1791303942
19016711237,0,4,15,1,1,1,1791303710
19016722230,1,1,21,1,1,1,1791303864
19091372977,5,14,11,1,1,1,1791303962
19130022694,3,1,19,1,1,1,1791303720
19130603957,5,4,15,1,1,1,1791303864
19161093714,0,6,15,1,1,1,1791303967
19179850066,0,0,16,1,1,1,1791303551
19179944124,2,0,25,1,1,1,1791304004
19183755581,2,3,19,1,1,1,1791304005
19183833298,3,9,26,1,1,1,1791303884
19183922057,1,2,37,1,1,1,1791304037
19184128113,9,12,6,1,1,1,1791304021
19184196181,7,2,19,1,1,1,1791303985
19186120360,0,3,18,1,1,1,1791303920
19186208004,1,3,12,1,1,1,1791303713
19186237098,15,16,4,1,1,1,1791303975
19309244936,12,27,4,1,1,1,1791304041
19331872653,6,0,13,1,1,1,1791303915
19331917084,2,7,20,1,1,1,1791304024
19331959862,17,0,10,1,1,1,1791303783
19331981332,3,4,15,1,1,1,1791303990
19335882998,4,1,27,1,1,1,1791304016
19495443023,4,6,23,1,1,1,1791304003
19495456684,0,3,26,1,1,1,1791303993
19495480499,2,5,22,1,1,1,1791304037
19697757271,1,0,25,1,1,1,1791303818
19697809404,1,1,32,1,1,1,1791303952
19697937136,3,3,12,1,1,1,1791304037
19858721250,8,8,25,1,1,1,1791304011
19867354582,0,4,23,1,1,1,1791303680
19867919889,0,4,19,1,1,1,1791303950
19902592897,15,0,6,1,1,1,1791303899
19941915381,14,1,24,1,1,1,1791304034
19989456853,6,10,2,1,1,1,1791303986
20033972555,8,8,15,1,1,1,1791304002
20084863816,9,3,20,1,1,1,1791303976
20235746379,22,0,1,1,1,1,1791303949
20278271464,31,0,14,1,1,1,1791304008
20364431108,6,3,25,1,1,1,1791304012
20430917761,0,1,28,1,1,1,1791304029
20431005501,3,4,5,1,1,1,1791304037
20431134793,1,9,7,1,1,1,1791303840
20431211740,2,1,47,1,1,1,1791303983
20431248994,3,1,18,1,1,1,1791304007
20431381973,10,12,5,1,1,1,1791304012
20432939844,8,10,5,1,1,1,1791303819
20440192915,1,6,10,1,1,1,1791303965
20440340655,7,12,12,1,1,1,1791303767
20454506987,2,8,10,1,1,1,1791303777
20458224375,0,1,28,1,1,1,1791304012
20458486160,0,0,16,1,1,1,1791303713
20490738387,18,0,10,1,1,1,1791304017
20491171604,14,7,6,1,1,1,1791303935
20491270292,17,4,26,1,1,1,1791303995
20497547989,2,9,11,1,1,1,1791303887
20512737633,8,2,15,1,1,1,1791303568
20523046082,8,7,36,1,1,1,1791304029
20531346153,12,16,3,1,1,1,1791304040
20635651817,0,0,38,1,0,0,1753349163
20636368032,0,5,14,1,1,1,1791303962
20636402451,15,0,9,1,1,1,1791304003
20636530104,0,7,36,1,1,1,1791304040
20636558756,1,0,33,1,1,1,1791304014
20636596293,1,3,25,1,1,1,1791304039
20636665336,1,2,28,1,1,1,1791303640
20636765333,2,1,21,1,1,1,1791303910
20636823021,0,1,14,1,1,1,1791303730
20636986665,0,8,30,1,1,1,1791303960
20637036701,5,2,21,1,1,1,1791304033
20637420127,1,1,34,1,1,1,1791303904
20637435296,0,0,22,1,1,1,1791304025
20682017769,0,0,35,1,0,0,1761197106
20689981670,2,2,15,1,1,1,1791303934
20689987843,0,0,24,1,1,1,1791304033
20690183551,0,0,22,1,1,1,1791303546
20699530917,0,4,12,1,1,1,1791303816
20699589412,1,2,13,1,1,1,1791304040
20702544649,11,3,5,1,1,1,1791304019
20702583198,2,4,26,1,1,1,1791303770
20702781391,2,0,32,1,1,1,1791303992
20702936749,13,18,2,1,1,1,1791303971
20702946965,12,2,11,1,1,1,1791303785
20703011127,0,16,1,1,1,1,1791304027
20703075041,11,4,2,1,1,1,1791303763
20703108288,0,2,17,1,1,1,1791303810
20706822746,9,10,8,1,1,1,1791304020
20824565291,2,1,97,1,0,0,1763049783
20897904006,3,3,30,1,1,1,1791303769
20940948422,3,3,10,1,1,1,1791303747
21372647186,1,11,10,1,1,1,1791303791
21372728303,18,3,9,1,1,1,1791304024
21372781592,3,3,21,1,1,1,1791303945
21443204298,0,7,32,1,1,1,1791303521
21443226462,2,4,26,1,1,1,1791303877
21443239403,0,0,0,0,0,0,1780990847
21584689525,0,0,200,1,0,0,1791303961
21797305137,0,0,400,1,0,0,1790164603
21797308904,0,0,400,1,0,0,1790438214
